Unknown,2025-04-10,11:45:55
Unknown,2025-04-10,11:45:59
Unknown,2025-04-10,11:46:01
Unknown,2025-04-10,11:46:01
Unknown,2025-04-10,11:46:02
Unknown,2025-04-10,11:46:02
Unknown,2025-04-10,11:46:03
Unknown,2025-04-10,11:46:04
Unknown,2025-04-10,11:46:04
Unknown,2025-04-10,11:46:04
Unknown,2025-04-10,11:46:05
Unknown,2025-04-10,11:46:06
Unknown,2025-04-10,11:46:06
Unknown,2025-04-10,11:46:06
Unknown,2025-04-10,11:46:07
Unknown,2025-04-10,11:46:18
Unknown,2025-04-10,11:46:19
Unknown,2025-04-10,11:46:20
Unknown,2025-04-10,11:46:21
Unknown,2025-04-10,11:46:21
Unknown,2025-04-10,11:46:21
Unknown,2025-04-10,11:46:21
Unknown,2025-04-10,11:46:22
Unknown,2025-04-10,11:46:22
Unknown,2025-04-10,11:46:22
Unknown,2025-04-10,11:46:22
Unknown,2025-04-10,11:46:23
Unknown,2025-04-10,11:46:25
Unknown,2025-04-10,11:46:25
Unknown,2025-04-10,11:46:25
Unknown,2025-04-10,11:46:25
Unknown,2025-04-10,11:46:26
Unknown,2025-04-10,11:46:26
Unknown,2025-04-10,11:46:26
Unknown,2025-04-10,11:46:27
Unknown,2025-04-10,11:46:27
Unknown,2025-04-10,11:46:27
Unknown,2025-04-10,11:46:28
Unknown,2025-04-10,11:46:28
Unknown,2025-04-10,11:46:28
Unknown,2025-04-10,11:46:28
Unknown,2025-04-10,11:46:29
Unknown,2025-04-10,11:46:29
Unknown,2025-04-10,11:46:30
Unknown,2025-04-10,11:46:30
Unknown,2025-04-10,11:46:30
Unknown,2025-04-10,11:46:30
Unknown,2025-04-10,11:46:45
Unknown,2025-04-10,11:46:45
Unknown,2025-04-10,11:48:57
Unknown,2025-04-10,11:48:59
Unknown,2025-04-10,11:49:01
Unknown,2025-04-10,11:49:02
Unknown,2025-04-10,11:49:02
Unknown,2025-04-10,11:49:03
Unknown,2025-04-10,11:49:03
Unknown,2025-04-10,11:49:03
Unknown,2025-04-10,11:49:04
Unknown,2025-04-10,11:49:05
Unknown,2025-04-10,11:49:05
Unknown,2025-04-10,11:49:06
Unknown,2025-04-10,11:49:06
Unknown,2025-04-10,11:49:06
Unknown,2025-04-10,11:49:06
Unknown,2025-04-10,11:49:07
Unknown,2025-04-10,11:49:07
Unknown,2025-04-10,11:49:07
Unknown,2025-04-10,11:49:07
Unknown,2025-04-10,12:05:19
Unknown,2025-04-10,12:05:20
Unknown,2025-04-10,12:05:22
Unknown,2025-04-10,12:05:23
Unknown,2025-04-10,12:05:23
Unknown,2025-04-10,12:05:23
